filename,count
1.jpg,28
2.jpg,26
3.jpg,13
4.jpg,17
5.jpg,28
6.jpg,20
7.jpg,22
8.jpg,24
9.jpg,32
10.jpg,30
11.jpg,13
12.jpg,23
13.jpg,25
14.jpg,22
15.jpg,30
16.jpg,32
17.jpg,40
18.jpg,29
19.jpg,35
20.jpg,23
21.jpg,30
22.jpg,32
23.jpg,30
24.jpg,34
25.jpg,33
26.jpg,24
27.jpg,34
28.jpg,30
29.jpg,25
30.jpg,22
31.jpg,8
32.jpg,9
33.jpg,16
34.jpg,12
35.jpg,13
36.jpg,8
37.jpg,8
38.jpg,13
39.jpg,1
40.jpg,3
41.jpg,5
42.jpg,4
43.jpg,7
44.jpg,4
45.jpg,5
46.jpg,2
47.jpg,5
48.jpg,4
49.jpg,4
50.jpg,0
51.jpg,2
52.jpg,3
53.jpg,4
54.jpg,5
55.jpg,3
56.jpg,5
57.jpg,3
58.jpg,0
59.jpg,2
60.jpg,1
61.jpg,1
62.jpg,4
63.jpg,23
64.jpg,14
65.jpg,18
66.jpg,19
67.jpg,23
68.jpg,23
69.jpg,24
70.jpg,19
71.jpg,17
72.jpg,21
73.jpg,15
74.jpg,16
75.jpg,14
76.jpg,14
77.jpg,18
78.jpg,14
79.jpg,35
80.jpg,47
81.jpg,46
82.jpg,47
83.jpg,44
84.jpg,47
85.jpg,37
86.jpg,40
87.jpg,28
88.jpg,22
89.jpg,26
90.jpg,27
91.jpg,15
92.jpg,17
93.jpg,21
94.jpg,18
95.jpg,28
96.jpg,36
97.jpg,34
98.jpg,30
99.jpg,36
100.jpg,31